"Date","Q - m^3/s"
"2004.02.04","27.4"
"2004.02.05","27.2"
"2004.02.06","26.9"
"2004.02.07","26.7"
"2004.02.08","26.9"
"2004.02.09","27.2"
"2004.02.10","27.4"
"2004.02.11","27.4"
"2004.02.12","27.7"
"2004.02.13","27.5"
"2004.02.14","26.7"
"2004.02.15","27.8"
"2004.02.16","27.4"
"2004.02.17","26.2"
"2004.02.18","25.6"
"2004.02.19","25.6"
"2004.02.20","25.7"
"2004.02.21","25.7"
"2004.02.22","25.4"
"2004.02.23","25.3"
"2004.02.24","25.1"
"2004.02.25","24.9"
"2004.02.26","25.3"
"2004.02.27","25.4"
"2004.02.28","25.6"
"2004.02.29","25.6"
"2004.03.01","25.4"
"2004.03.02","26.1"
"2004.03.03","26.1"
"2004.03.04","26.2"
"2004.03.05","26.6"
"2004.03.06","26.7"
"2004.03.07","26.9"
"2004.03.08","27.2"
"2004.03.09","27.2"
"2004.03.10","27.5"
"2004.03.11","27.7"
"2004.03.12","28.2"
"2004.03.13","30.1"
"2004.03.14","29.6"
"2004.03.15","29.8"
"2004.03.16","30.5"
"2004.03.17","31.4"
"2004.03.18","32.6"
"2004.03.19","33.4"
"2004.03.20","33.4"
"2004.03.21","33.9"
"2004.03.22","35.0"
"2004.03.23","36.9"
"2004.03.24","35.5"
"2004.03.25","32.1"
"2004.03.26","31.9"
"2004.03.27","30.7"
"2004.03.28","30.0"
"2004.03.29","28.3"
"2004.03.30","27.4"
"2004.03.31","26.1"
"2004.04.01","26.6"
"2004.04.02","27.2"
"2004.04.03","27.2"
"2004.04.04","27.4"
"2004.04.05","27.5"
"2004.04.06","27.8"
"2004.04.07","28.0"
"2004.04.08","28.6"
"2004.04.09","31.4"
"2004.04.10","30.1"
"2004.04.11","30.7"
"2004.04.12","31.0"
"2004.04.13","31.9"
"2004.04.14","32.1"
"2004.04.15","32.1"
"2004.04.16","32.6"
"2004.04.17","33.4"
"2004.04.18","35.5"
"2004.04.19","35.5"
"2004.04.20","36.9"
"2004.04.21","38.7"
"2004.04.22","41.7"
"2004.04.23","44.9"
"2004.04.24","46.0"
"2004.04.25","45.8"
"2004.04.26","43.6"
"2004.04.27","40.5"
"2004.04.28","36.7"
"2004.04.29","33.4"
"2004.04.30","33.7"
"2004.05.01","35.1"
"2004.05.02","34.8"
"2004.05.03","35.5"
"2004.05.04","36.1"
"2004.05.05","37.7"
"2004.05.06","38.1"
"2004.05.07","38.3"
"2004.05.08","38.5"
"2004.05.09","39.1"
"2004.05.10","39.5"
"2004.05.11","39.9"
"2004.05.12","41.1"
"2004.05.13","44.3"
"2004.05.14","45.8"
"2004.05.15","47.3"
"2004.05.16","49.7"
"2004.05.17","51.8"
"2004.05.18","55.1"
"2004.05.19","61.5"
"2004.05.20","130.0"
"2004.05.21","67.8"
"2004.05.22","65.1"
"2004.05.23","51.8"
"2004.05.24","46.0"
"2004.05.25","42.3"
"2004.05.26","41.1"
"2004.05.27","43.0"
"2004.05.28","45.6"
"2004.05.29","47.1"
"2004.05.30","44.9"
"2004.05.31","49.7"
"2004.06.01","55.1"
"2004.06.02","59.5"
"2004.06.03","65.1"
"2004.06.04","66.2"
"2004.06.05","60.2"
"2004.06.06","60.8"
"2004.06.07","65.9"
"2004.06.08","66.7"
"2004.06.09","69.5"
"2004.06.10","70.9"
"2004.06.11","74.8"
"2004.06.12","76.6"
"2004.06.13","75.7"
"2004.06.14","80.2"
"2004.06.15","85.3"
"2004.06.16","91.9"
"2004.06.17","115.0"
"2004.06.18","129.0"
"2004.06.19","118.0"
"2004.06.20","112.0"
"2004.06.21","115.0"
"2004.06.22","117.0"
"2004.06.23","113.0"
"2004.06.24","121.0"
"2004.06.25","116.0"
"2004.06.26","91.0"
"2004.06.27","103.0"
"2004.06.28","98.8"
"2004.06.29","105.0"
"2004.06.30","106.0"
"2004.07.01","125.0"
"2004.07.02","157.0"
"2004.07.03","169.0"
"2004.07.04","170.0"
"2004.07.05","174.0"
"2004.07.06","175.0"
"2004.07.07","173.0"
"2004.07.08","192.0"
"2004.07.09","177.0"
"2004.07.10","174.0"
"2004.07.11","170.0"
"2004.07.12","168.0"
"2004.07.13","172.0"
"2004.07.14","168.0"
"2004.07.15","162.0"
"2004.07.16","156.0"
"2004.07.17","175.0"
"2004.07.18","233.0"
"2004.07.19","219.0"
"2004.07.20","207.0"
"2004.07.21","197.0"
"2004.07.22","170.0"
"2004.07.23","185.0"
"2004.07.24","191.0"
"2004.07.25","197.0"
"2004.07.26","204.0"
"2004.07.27","219.0"
"2004.07.28","237.0"
"2004.07.29","286.0"
"2004.07.30","290.0"
"2004.07.31","371.0"
"2004.08.01","348.0"
"2004.08.02","285.0"
"2004.08.03","250.0"
"2004.08.04","246.0"
"2004.08.05","231.0"
"2004.08.06","256.0"
"2004.08.07","240.0"
"2004.08.08","265.0"
"2004.08.09","291.0"
"2004.08.10","274.0"
"2004.08.11","268.0"
"2004.08.12","269.0"
"2004.08.13","244.0"
"2004.08.14","265.0"
"2004.08.15","286.0"
"2004.08.16","293.0"
"2004.08.17","277.0"
"2004.08.18","299.0"
"2004.08.19","303.0"
"2004.08.20","381.0"
"2004.08.21","371.0"
"2004.08.22","364.0"
"2004.08.23","346.0"
"2004.08.24","299.0"
"2004.08.25","252.0"
"2004.08.26","221.0"
"2004.08.27","186.0"
"2004.08.28","165.0"
"2004.08.29","135.0"
"2004.08.30","144.0"
"2004.08.31","149.0"
"2004.09.01","154.0"
"2004.09.02","157.0"
"2004.09.03","152.0"
"2004.09.04","132.0"
"2004.09.05","133.0"
"2004.09.06","138.0"
"2004.09.07","140.0"
"2004.09.08","137.0"
"2004.09.09","135.0"
"2004.09.10","133.0"
"2004.09.11","129.0"
"2004.09.12","124.0"
"2004.09.13","119.0"
"2004.09.14","110.0"
"2004.09.15","110.0"
"2004.09.16","111.0"
"2004.09.17","113.0"
"2004.09.18","116.0"
"2004.09.19","123.0"
"2004.09.20","135.0"
"2004.09.21","169.0"
"2004.09.22","191.0"
"2004.09.23","175.0"
"2004.09.24","169.0"
"2004.09.25","158.0"
"2004.09.26","155.0"
"2004.09.27","152.0"
"2004.09.28","127.0"
"2004.09.29","122.0"
"2004.09.30","116.0"
"2004.10.01","106.0"
"2004.10.02","105.0"
"2004.10.03","98.8"
"2004.10.04","91.6"
"2004.10.05","86.9"
"2004.10.06","84.0"
"2004.10.07","81.2"
"2004.10.08","73.6"
"2004.10.09","70.5"
"2004.10.10","70.0"
"2004.10.11","66.4"
"2004.10.12","66.7"
"2004.10.13","70.0"
"2004.10.14","65.6"
"2004.10.15","62.3"
"2004.10.16","63.4"
"2004.10.17","60.2"
"2004.10.18","59.0"
"2004.10.19","58.2"
"2004.10.20","57.2"
"2004.10.21","56.7"
"2004.10.22","55.6"
"2004.10.23","54.9"
"2004.10.24","54.6"
"2004.10.25","54.1"
"2004.10.26","53.2"
"2004.10.27","52.7"
"2004.10.28","52.0"
"2004.10.29","50.6"
"2004.10.30","50.1"
"2004.10.31","50.4"
"2004.11.01","48.2"
"2004.11.02","47.5"
"2004.11.03","46.7"
"2004.11.04","45.6"
"2004.11.05","44.9"
"2004.11.06","44.1"
"2004.11.07","44.1"
"2004.11.08","43.6"
"2004.11.09","43.6"
"2004.11.10","42.3"
"2004.11.11","42.1"
"2004.11.12","41.3"
"2004.11.13","41.1"
"2004.11.14","40.5"
"2004.11.15","39.1"
"2004.11.16","37.9"
"2004.11.17","37.5"
"2004.11.18","36.7"
"2004.11.19","35.9"
"2004.11.20","35.1"
"2004.11.21","35.0"
"2004.11.22","34.1"
"2004.11.23","33.4"
"2004.11.24","32.6"
"2004.11.25","32.5"
"2004.11.26","31.9"
"2004.11.27","32.1"
"2004.11.28","31.6"
"2004.11.29","31.6"
"2004.11.30","31.4"
"2004.12.01","31.0"
"2004.12.02","30.8"
"2004.12.03","30.7"
"2004.12.04","30.3"
"2004.12.05","30.3"
"2004.12.06","29.8"
"2004.12.07","29.8"
"2004.12.08","29.8"
"2004.12.09","30.1"
"2004.12.10","29.8"
"2004.12.11","29.6"
"2004.12.12","29.5"
"2004.12.13","29.3"
"2004.12.14","29.0"
"2004.12.15","29.0"
"2004.12.16","29.1"
"2004.12.17","28.8"
"2004.12.18","29.0"
"2004.12.19","29.1"
"2004.12.20","28.6"
"2004.12.21","28.5"
"2004.12.22","28.3"
"2004.12.23","28.0"
"2004.12.24","27.8"
"2004.12.25","28.0"
"2004.12.26","28.0"
"2004.12.27","27.8"
"2004.12.28","27.8"
"2004.12.29","27.5"
"2004.12.30","27.4"
"2004.12.31","27.5"
"2005.01.01","27.2"
"2005.01.02","27.0"
"2005.01.03","27.0"
"2005.01.04","26.9"
"2005.01.05","27.2"
"2005.01.06","27.4"
"2005.01.07","26.9"
"2005.01.08","26.6"
"2005.01.09","26.4"
"2005.01.10","26.6"
"2005.01.11","26.7"
"2005.01.12","26.6"
"2005.01.13","26.7"
"2005.01.14","26.9"
"2005.01.15","26.7"
"2005.01.16","26.4"
"2005.01.17","27.0"
"2005.01.18","27.4"
"2005.01.19","27.0"
"2005.01.20","27.4"
"2005.01.21","27.0"
"2005.01.22","27.0"
"2005.01.23","25.7"
"2005.01.24","24.4"
"2005.01.25","24.7"
"2005.01.26","24.4"
"2005.01.27","24.1"
"2005.01.28","23.8"
"2005.01.29","23.8"
"2005.01.30","23.8"
"2005.01.31","23.6"
"2005.02.01","23.8"
"2005.02.02","23.9"
"2005.02.03","23.8"
"2005.02.04","23.6"
"2005.02.05","23.2"
"2005.02.06","23.4"
"2005.02.07","23.2"
"2005.02.08","23.2"
"2005.02.09","23.4"
"2005.02.10","23.2"
"2005.02.11","23.1"
"2005.02.12","23.2"
"2005.02.13","23.4"
"2005.02.14","23.5"
"2005.02.15","23.4"
"2005.02.16","23.2"
"2005.02.17","23.2"
"2005.02.18","23.1"
"2005.02.19","23.1"
"2005.02.20","22.9"
"2005.02.21","22.9"
"2005.02.22","23.1"
"2005.02.23","23.4"
"2005.02.24","23.5"
"2005.02.25","23.9"
"2005.02.26","23.9"
"2005.02.27","24.1"
"2005.02.28","24.2"
"2005.03.01","23.8"
"2005.03.02","23.6"
"2005.03.03","23.2"
"2005.03.04","23.2"
"2005.03.05","22.9"
"2005.03.06","22.9"
"2005.03.07","23.1"
"2005.03.08","23.1"
"2005.03.09","23.4"
"2005.03.10","23.9"
"2005.03.11","24.1"
"2005.03.12","24.2"
"2005.03.13","24.2"
"2005.03.14","24.5"
"2005.03.15","24.2"
"2005.03.16","24.4"
"2005.03.17","24.7"
"2005.03.18","24.7"
"2005.03.19","24.8"
"2005.03.20","25.0"
"2005.03.21","25.0"
"2005.03.22","25.1"
"2005.03.23","24.7"
"2005.03.24","24.9"
"2005.03.25","25.3"
"2005.03.26","25.7"
"2005.03.27","25.7"
"2005.03.28","25.9"
"2005.03.29","26.1"
"2005.03.30","25.9"
"2005.03.31","26.4"
"2005.04.01","26.4"
"2005.04.02","26.6"
"2005.04.03","26.9"
"2005.04.04","27.2"
"2005.04.05","27.5"
"2005.04.06","29.6"
"2005.04.07","29.8"
"2005.04.08","29.8"
"2005.04.09","30.1"
"2005.04.10","29.6"
"2005.04.11","28.6"
"2005.04.12","27.5"
"2005.04.13","27.4"
"2005.04.14","27.5"
"2005.04.15","27.7"
"2005.04.16","27.5"
"2005.04.17","27.2"
"2005.04.18","27.2"
"2005.04.19","27.4"
"2005.04.20","28.0"
"2005.04.21","29.1"
"2005.04.22","32.3"
"2005.04.23","31.4"
"2005.04.24","31.6"
"2005.04.25","34.2"
"2005.04.26","36.7"
"2005.04.27","33.7"
"2005.04.28","31.7"
"2005.04.29","29.8"
"2005.04.30","26.6"
"2005.05.01","25.1"
"2005.05.02","24.9"
"2005.05.03","25.4"
"2005.05.04","26.1"
"2005.05.05","26.4"
"2005.05.06","26.4"
"2005.05.07","26.6"
"2005.05.08","28.3"
"2005.05.09","33.5"
"2005.05.10","34.4"
"2005.05.11","32.8"
"2005.05.12","32.5"
"2005.05.13","32.5"
"2005.05.14","33.4"
"2005.05.15","35.0"
"2005.05.16","36.7"
"2005.05.17","40.3"
"2005.05.18","40.5"
"2005.05.19","41.5"
"2005.05.20","44.7"
"2005.05.21","41.5"
"2005.05.22","44.3"
"2005.05.23","48.7"
"2005.05.24","53.9"
"2005.05.25","55.1"
"2005.05.26","56.9"
"2005.05.27","54.9"
"2005.05.28","56.1"
"2005.05.29","56.7"
"2005.05.30","54.1"
"2005.05.31","55.1"
"2005.06.01","53.2"
"2005.06.02","54.4"
"2005.06.03","50.8"
"2005.06.04","48.7"
"2005.06.05","47.3"
"2005.06.06","45.8"
"2005.06.07","43.9"
"2005.06.08","41.5"
"2005.06.09","41.1"
"2005.06.10","45.2"
"2005.06.11","49.2"
"2005.06.12","55.4"
"2005.06.13","63.4"
"2005.06.14","66.2"
"2005.06.15","71.2"
"2005.06.16","74.2"
"2005.06.17","74.5"
"2005.06.18","79.0"
"2005.06.19","78.4"
"2005.06.20","78.2"
"2005.06.21","90.9"
"2005.06.22","95.0"
"2005.06.23","98.1"
"2005.06.24","98.1"
"2005.06.25","97.1"
"2005.06.26","98.1"
"2005.06.27","113.0"
"2005.06.28","127.0"
"2005.06.29","117.0"
"2005.06.30","129.0"
"2005.07.01","164.0"
"2005.07.02","265.0"
"2005.07.03","323.0"
"2005.07.04","371.0"
"2005.07.05","274.0"
"2005.07.06","312.0"
"2005.07.07","243.0"
"2005.07.08","213.0"
"2005.07.09","259.0"
"2005.07.10","226.0"
"2005.07.11","207.0"
"2005.07.12","199.0"
"2005.07.13","205.0"
"2005.07.14","276.0"
"2005.07.15","231.0"
"2005.07.16","245.0"
"2005.07.17","303.0"
"2005.07.18","327.0"
"2005.07.19","323.0"
"2005.07.20","341.0"
"2005.07.21","255.0"
"2005.07.22","306.0"
"2005.07.23","317.0"
"2005.07.24","287.0"
"2005.07.25","268.0"
"2005.07.26","277.0"
"2005.07.27","343.0"
"2005.07.28","350.0"
"2005.07.29","338.0"
"2005.07.30","301.0"
"2005.07.31","295.0"
"2005.08.01","302.0"
"2005.08.02","308.0"
"2005.08.03","272.0"
"2005.08.04","229.0"
"2005.08.05","261.0"
"2005.08.06","324.0"
"2005.08.07","295.0"
"2005.08.08","314.0"
"2005.08.09","323.0"
"2005.08.10","283.0"
"2005.08.11","273.0"
"2005.08.12","263.0"
"2005.08.13","245.0"
"2005.08.14","188.0"
"2005.08.15","231.0"
"2005.08.16","243.0"
"2005.08.17","291.0"
"2005.08.18","247.0"
"2005.08.19","322.0"
"2005.08.20","282.0"
"2005.08.21","256.0"
"2005.08.22","270.0"
"2005.08.23","219.0"
"2005.08.24","225.0"
"2005.08.25","260.0"
"2005.08.26","220.0"
"2005.08.27","177.0"
"2005.08.28","151.0"
"2005.08.29","138.0"
"2005.08.30","131.0"
"2005.08.31","133.0"
"2005.09.01","146.0"
"2005.09.02","130.0"
"2005.09.03","130.0"
"2005.09.04","131.0"
"2005.09.05","138.0"
"2005.09.06","139.0"
"2005.09.07","136.0"
"2005.09.08","142.0"
"2005.09.09","150.0"
"2005.09.10","129.0"
"2005.09.11","115.0"
"2005.09.12","105.0"
"2005.09.13","105.0"
"2005.09.14","120.0"
"2005.09.15","102.0"
"2005.09.16","96.7"
"2005.09.17","94.7"
"2005.09.18","93.3"
"2005.09.19","89.9"
"2005.09.20","88.5"
"2005.09.21","121.0"
"2005.09.22","100.0"
"2005.09.23","92.9"
"2005.09.24","87.2"
"2005.09.25","83.7"
"2005.09.26","82.8"
"2005.09.27","85.0"
"2005.09.28","84.7"
"2005.09.29","78.1"
"2005.09.30","73.0"
"2005.10.01","70.6"
"2005.10.02","71.2"
"2005.10.03","70.3"
"2005.10.04","70.6"
"2005.10.05","69.5"
"2005.10.06","72.4"
"2005.10.07","74.5"
"2005.10.08","68.7"
"2005.10.09","63.4"
"2005.10.10","62.8"
"2005.10.11","60.5"
"2005.10.12","58.7"
"2005.10.13","57.9"
"2005.10.14","55.9"
"2005.10.15","54.6"
"2005.10.16","52.5"
"2005.10.17","51.3"
"2005.10.18","50.8"
"2005.10.19","52.3"
"2005.10.20","88.2"
"2005.10.21","81.8"
"2005.10.22","70.6"
"2005.10.23","62.8"
"2005.10.24","64.5"
"2005.10.25","63.1"
"2005.10.26","62.0"
"2005.10.27","61.8"
"2005.10.28","60.5"
"2005.10.29","58.7"
"2005.10.30","58.2"
"2005.10.31","58.7"
"2005.11.01","58.2"
"2005.11.02","57.9"
"2005.11.03","56.9"
"2005.11.04","56.1"
"2005.11.05","55.6"
"2005.11.06","54.9"
"2005.11.07","54.9"
"2005.11.08","54.6"
"2005.11.09","54.1"
"2005.11.10","54.1"
"2005.11.11","53.7"
"2005.11.12","52.5"
"2005.11.13","52.0"
"2005.11.14","51.8"
"2005.11.15","51.1"
"2005.11.16","50.1"
"2005.11.17","49.0"
"2005.11.18","48.5"
"2005.11.19","47.5"
"2005.11.20","47.1"
"2005.11.21","46.0"
"2005.11.22","43.9"
"2005.11.23","43.4"
"2005.11.24","42.3"
"2005.11.25","41.1"
"2005.11.26","40.1"
"2005.11.27","39.5"
"2005.11.28","39.3"
"2005.11.29","38.7"
"2005.11.30","38.3"
"2005.12.01","38.3"
"2005.12.02","38.1"
"2005.12.03","37.5"
"2005.12.04","36.7"
"2005.12.05","36.3"
"2005.12.06","35.1"
"2005.12.07","34.4"
"2005.12.08","34.1"
"2005.12.09","33.7"
"2005.12.10","33.5"
"2005.12.11","32.6"
"2005.12.12","32.8"
"2005.12.13","32.5"
"2005.12.14","32.3"
"2005.12.15","31.7"
"2005.12.16","32.1"
"2005.12.17","32.5"
"2005.12.18","32.3"
"2005.12.19","31.4"
"2005.12.20","31.0"
"2005.12.21","30.8"
"2005.12.22","30.5"
"2005.12.23","30.1"
"2005.12.24","29.8"
"2005.12.25","29.8"
"2005.12.26","29.1"
"2005.12.27","29.0"
"2005.12.28","29.3"
"2005.12.29","29.0"
"2005.12.30","28.8"
"2005.12.31","28.8"
"2006.01.01","28.5"
"2006.01.02","28.5"
"2006.01.03","28.6"
"2006.01.04","28.3"
"2006.01.05","28.2"
"2006.01.06","28.3"
"2006.01.07","28.0"
"2006.01.08","28.6"
"2006.01.09","28.8"
"2006.01.10","29.0"
"2006.01.11","30.0"
"2006.01.12","29.6"
"2006.01.13","30.0"
"2006.01.14","30.0"
"2006.01.15","29.3"
"2006.01.16","29.0"
"2006.01.17","28.8"
"2006.01.18","28.8"
"2006.01.19","28.0"
"2006.01.20","27.5"
"2006.01.21","27.0"
"2006.01.22","26.2"
"2006.01.23","25.1"
"2006.01.24","24.7"
"2006.01.25","24.7"
"2006.01.26","24.2"
"2006.01.27","24.4"
"2006.01.28","24.9"
"2006.01.29","24.7"
"2006.01.30","24.5"
"2006.01.31","24.5"
"2006.02.01","24.5"
"2006.02.02","24.7"
"2006.02.03","24.7"
"2006.02.04","24.4"
"2006.02.05","24.5"
"2006.02.06","24.7"
"2006.02.07","24.8"
"2006.02.08","24.7"
"2006.02.09","24.2"
"2006.02.10","24.2"
"2006.02.11","24.4"
"2006.02.12","24.7"
"2006.02.13","24.9"
"2006.02.14","24.5"
"2006.02.15","24.5"
"2006.02.16","24.5"
"2006.02.17","24.5"
"2006.02.18","24.5"
"2006.02.19","24.7"
"2006.02.20","24.8"
"2006.02.21","24.9"
"2006.02.22","24.8"
"2006.02.23","24.5"
"2006.02.24","24.9"
"2006.02.25","25.1"
"2006.02.26","25.3"
"2006.02.27","25.3"
"2006.02.28","25.1"
"2006.03.01","25.1"
"2006.03.02","25.4"
"2006.03.03","25.6"
"2006.03.04","25.6"
"2006.03.05","25.1"
"2006.03.06","24.9"
"2006.03.07","25.1"
"2006.03.08","25.6"
"2006.03.09","25.6"
"2006.03.10","25.6"
"2006.03.11","26.6"
"2006.03.12","26.6"
"2006.03.13","25.6"
"2006.03.14","24.9"
"2006.03.15","24.7"
"2006.03.16","24.7"
"2006.03.17","24.7"
"2006.03.18","24.8"
"2006.03.19","25.1"
"2006.03.20","25.3"
"2006.03.21","25.6"
"2006.03.22","24.9"
"2006.03.23","25.3"
"2006.03.24","25.3"
"2006.03.25","25.4"
"2006.03.26","25.6"
"2006.03.27","25.7"
"2006.03.28","25.3"
"2006.03.29","25.1"
"2006.03.30","25.1"
"2006.03.31","25.3"
"2006.04.01","25.7"
"2006.04.02","25.7"
"2006.04.03","25.7"
"2006.04.04","26.2"
"2006.04.05","26.4"
"2006.04.06","26.6"
"2006.04.07","27.4"
"2006.04.08","29.6"
"2006.04.09","32.6"
"2006.04.10","33.4"
"2006.04.11","32.5"
"2006.04.12","31.6"
"2006.04.13","29.1"
"2006.04.14","27.5"
"2006.04.15","26.9"
"2006.04.16","25.6"
"2006.04.17","26.1"
"2006.04.18","26.1"
"2006.04.19","26.2"
"2006.04.20","26.4"
"2006.04.21","26.7"
"2006.04.22","27.2"
"2006.04.23","27.0"
"2006.04.24","27.4"
"2006.04.25","28.3"
"2006.04.26","28.6"
"2006.04.27","30.1"
"2006.04.28","30.7"
"2006.04.29","31.0"
"2006.04.30","31.7"
"2006.05.01","32.8"
"2006.05.02","34.2"
"2006.05.03","35.0"
"2006.05.04","35.0"
"2006.05.05","35.3"
"2006.05.06","36.1"
"2006.05.07","38.3"
"2006.05.08","41.5"
"2006.05.09","44.5"
"2006.05.10","43.2"
"2006.05.11","47.5"
"2006.05.12","48.7"
"2006.05.13","47.3"
"2006.05.14","43.0"
"2006.05.15","40.7"
"2006.05.16","41.5"
"2006.05.17","44.9"
"2006.05.18","48.5"
"2006.05.19","45.4"
"2006.05.20","41.5"
"2006.05.21","42.1"
"2006.05.22","44.9"
"2006.05.23","48.0"
"2006.05.24","55.1"
"2006.05.25","71.2"
"2006.05.26","81.3"
"2006.05.27","76.3"
"2006.05.28","99.7"
"2006.05.29","86.9"
"2006.05.30","82.4"
"2006.05.31","86.3"
"2006.06.01","83.1"
"2006.06.02","80.8"
"2006.06.03","98.0"
"2006.06.04","103.0"
"2006.06.05","73.3"
"2006.06.06","111.0"
"2006.06.07","93.6"
"2006.06.08","95.3"
"2006.06.09","111.0"
"2006.06.10","126.0"
"2006.06.11","119.0"
"2006.06.12","112.0"
"2006.06.13","106.0"
"2006.06.14","90.2"
"2006.06.15","69.7"
"2006.06.16","63.4"
"2006.06.17","62.0"
"2006.06.18","67.8"
"2006.06.19","75.4"
"2006.06.20","66.4"
"2006.06.21","60.5"
"2006.06.22","59.2"
"2006.06.23","62.1"
"2006.06.24","90.6"
"2006.06.25","107.0"
"2006.06.26","101.0"
"2006.06.27","142.0"
"2006.06.28","190.0"
"2006.06.29","138.0"
"2006.06.30","177.0"
"2006.07.01","186.0"
"2006.07.02","182.0"
"2006.07.03","149.0"
"2006.07.04","137.0"
"2006.07.05","256.0"
"2006.07.06","178.0"
"2006.07.07","176.0"
"2006.07.08","178.0"
"2006.07.09","289.0"
"2006.07.10","217.0"
"2006.07.11","274.0"
"2006.07.12","217.0"
"2006.07.13","254.0"
"2006.07.14","362.0"
"2006.07.15","323.0"
"2006.07.16","346.0"
"2006.07.17","256.0"
"2006.07.18","224.0"
"2006.07.19","206.0"
"2006.07.20","208.0"
"2006.07.21","234.0"
"2006.07.22","225.0"
"2006.07.23","216.0"
"2006.07.24","232.0"
"2006.07.25","239.0"
"2006.07.26","238.0"
"2006.07.27","246.0"
"2006.07.28","228.0"
"2006.07.29","214.0"
"2006.07.30","213.0"
"2006.07.31","198.0"
"2006.08.01","211.0"
"2006.08.02","217.0"
"2006.08.03","236.0"
"2006.08.04","237.0"
"2006.08.05","279.0"
"2006.08.06","291.0"
"2006.08.07","265.0"
"2006.08.08","258.0"
"2006.08.09","233.0"
"2006.08.10","185.0"
"2006.08.11","175.0"
"2006.08.12","168.0"
"2006.08.13","156.0"
"2006.08.14","181.0"
"2006.08.15","203.0"
"2006.08.16","178.0"
"2006.08.17","165.0"
"2006.08.18","156.0"
"2006.08.19","163.0"
"2006.08.20","195.0"
"2006.08.21","216.0"
"2006.08.22","198.0"
"2006.08.23","188.0"
"2006.08.24","197.0"
"2006.08.25","224.0"
"2006.08.26","295.0"
"2006.08.27","327.0"
"2006.08.28","293.0"
"2006.08.29","301.0"
"2006.08.30","308.0"
"2006.08.31","243.0"
"2006.09.01","232.0"
"2006.09.02","217.0"
"2006.09.03","167.0"
"2006.09.04","134.0"
"2006.09.05","141.0"
"2006.09.06","138.0"
"2006.09.07","118.0"
"2006.09.08","124.0"
"2006.09.09","146.0"
"2006.09.10","153.0"
"2006.09.11","149.0"
"2006.09.12","159.0"
"2006.09.13","126.0"
"2006.09.14","137.0"
"2006.09.15","118.0"
"2006.09.16","111.0"
"2006.09.17","106.0"
"2006.09.18","106.0"
"2006.09.19","105.0"
"2006.09.20","103.0"
"2006.09.21","94.3"
"2006.09.22","100.0"
"2006.09.23","119.0"
"2006.09.24","143.0"
"2006.09.25","135.0"
"2006.09.26","129.0"
"2006.09.27","102.0"
"2006.09.28","94.7"
"2006.09.29","88.2"
"2006.09.30","85.6"
"2006.10.01","78.7"
"2006.10.02","78.1"
"2006.10.03","77.5"
"2006.10.04","76.9"
"2006.10.05","76.9"
"2006.10.06","72.7"
"2006.10.07","69.8"
"2006.10.08","73.3"
"2006.10.09","68.9"
"2006.10.10","67.3"
"2006.10.11","64.5"
"2006.10.12","59.2"
"2006.10.13","60.2"
"2006.10.14","61.0"
"2006.10.15","60.0"
"2006.10.16","59.7"
"2006.10.17","57.9"
"2006.10.18","55.6"
"2006.10.19","54.6"
"2006.10.20","55.6"
"2006.10.21","53.2"
"2006.10.22","51.8"
"2006.10.23","53.2"
"2006.10.24","54.1"
"2006.10.25","54.1"
"2006.10.26","53.4"
"2006.10.27","49.9"
"2006.10.28","47.3"
"2006.10.29","46.0"
"2006.10.30","45.8"
"2006.10.31","45.2"
"2006.11.01","44.7"
"2006.11.02","45.4"
"2006.11.03","45.2"
"2006.11.04","44.5"
"2006.11.05","44.5"
"2006.11.06","43.2"
"2006.11.07","42.6"
"2006.11.08","41.3"
"2006.11.09","41.3"
"2006.11.10","40.9"
"2006.11.11","40.3"
"2006.11.12","40.5"
"2006.11.13","39.1"
"2006.11.14","38.3"
"2006.11.15","37.9"
"2006.11.16","37.5"
"2006.11.17","37.1"
"2006.11.18","36.9"
"2006.11.19","36.1"
"2006.11.20","35.9"
"2006.11.21","35.3"
"2006.11.22","35.1"
"2006.11.23","34.8"
"2006.11.24","34.2"
"2006.11.25","34.2"
"2006.11.26","34.1"
"2006.11.27","33.9"
"2006.11.28","33.5"
"2006.11.29","33.0"
"2006.11.30","33.0"
"2006.12.01","32.5"
"2006.12.02","32.3"
"2006.12.03","31.7"
"2006.12.04","31.4"
"2006.12.05","30.7"
"2006.12.06","29.8"
"2006.12.07","29.8"
"2006.12.08","29.6"
"2006.12.09","29.3"
"2006.12.10","29.5"
"2006.12.11","29.3"
"2006.12.12","29.5"
"2006.12.13","29.0"
"2006.12.14","29.0"
"2006.12.15","28.3"
"2006.12.16","27.8"
"2006.12.17","27.8"
"2006.12.18","27.4"
"2006.12.19","27.4"
"2006.12.20","27.4"
"2006.12.21","27.4"
"2006.12.22","27.2"
"2006.12.23","27.0"
"2006.12.24","26.7"
"2006.12.25","26.4"
"2006.12.26","26.2"
"2006.12.27","26.2"
"2006.12.28","26.4"
"2006.12.29","26.2"
"2006.12.30","26.6"
"2006.12.31","26.4"
"2007.01.01","26.2"
"2007.01.02","26.2"
"2007.01.03","26.4"
"2007.01.04","26.4"
"2007.01.05","26.1"
"2007.01.06","25.9"
"2007.01.07","25.9"
"2007.01.08","25.9"
"2007.01.09","25.9"
"2007.01.10","25.1"
"2007.01.11","24.9"
"2007.01.12","24.7"
"2007.01.13","24.5"
"2007.01.14","24.5"
"2007.01.15","24.1"
"2007.01.16","23.8"
"2007.01.17","23.8"
"2007.01.18","23.4"
"2007.01.19","23.4"
"2007.01.20","23.2"
"2007.01.21","22.8"
"2007.01.22","22.8"
"2007.01.23","22.8"
"2007.01.24","22.4"
"2007.01.25","22.2"
"2007.01.26","21.9"
"2007.01.27","21.9"
"2007.01.28","22.2"
"2007.01.29","21.8"
"2007.01.30","21.5"
"2007.01.31","21.5"
"2007.02.01","21.5"
"2007.02.02","21.6"
"2007.02.03","21.6"
"2007.02.04","21.8"
"2007.02.05","22.1"
"2007.02.06","22.4"
"2007.02.07","22.6"
"2007.02.08","22.9"
"2007.02.09","22.9"
"2007.02.10","22.9"
"2007.02.11","23.4"
"2007.02.12","23.4"
"2007.02.13","23.6"
"2007.02.14","24.4"
"2007.02.15","24.2"
"2007.02.16","24.2"
"2007.02.17","24.1"
"2007.02.18","23.8"
"2007.02.19","23.6"
"2007.02.20","23.8"
"2007.02.21","23.9"
"2007.02.22","23.6"
"2007.02.23","23.6"
"2007.02.24","23.9"
"2007.02.25","24.2"
"2007.02.26","24.5"
"2007.02.27","24.5"
"2007.02.28","24.7"
"2007.03.01","24.8"
"2007.03.02","24.5"
"2007.03.03","24.7"
"2007.03.04","24.4"
"2007.03.05","24.4"
"2007.03.06","24.2"
"2007.03.07","24.5"
"2007.03.08","24.5"
"2007.03.09","24.2"
"2007.03.10","23.8"
"2007.03.11","23.6"
"2007.03.12","25.1"
"2007.03.13","29.0"
"2007.03.14","29.0"
"2007.03.15","29.6"
"2007.03.16","30.5"
"2007.03.17","30.3"
"2007.03.18","31.0"
"2007.03.19","30.8"
"2007.03.20","30.5"
"2007.03.21","30.7"
"2007.03.22","30.8"
"2007.03.23","31.0"
"2007.03.24","31.4"
"2007.03.25","31.4"
"2007.03.26","31.4"
"2007.03.27","32.8"
"2007.03.28","34.8"
"2007.03.29","37.5"
"2007.03.30","39.5"
"2007.03.31","41.1"
"2007.04.01","43.2"
"2007.04.02","45.8"
"2007.04.03","43.4"
"2007.04.04","41.1"
"2007.04.05","40.1"
"2007.04.06","40.5"
"2007.04.07","39.7"
"2007.04.08","35.5"
"2007.04.09","33.7"
"2007.04.10","34.8"
"2007.04.11","33.9"
"2007.04.12","34.2"
"2007.04.13","35.0"
"2007.04.14","34.2"
"2007.04.15","40.3"
"2007.04.16","39.9"
"2007.04.17","34.6"
"2007.04.18","36.1"
"2007.04.19","37.9"
"2007.04.20","35.0"
"2007.04.21","36.1"
"2007.04.22","36.3"
"2007.04.23","33.7"
"2007.04.24","35.1"
"2007.04.25","33.4"
"2007.04.26","32.3"
"2007.04.27","32.1"
"2007.04.28","30.7"
"2007.04.29","32.3"
"2007.04.30","33.0"
"2007.05.01","32.5"
"2007.05.02","33.5"
"2007.05.03","36.3"
"2007.05.04","39.5"
"2007.05.05","37.5"
"2007.05.06","36.1"
"2007.05.07","40.9"
"2007.05.08","41.9"
"2007.05.09","41.9"
"2007.05.10","43.0"
"2007.05.11","41.9"
"2007.05.12","40.5"
"2007.05.13","39.9"
"2007.05.14","38.3"
"2007.05.15","35.7"
"2007.05.16","34.8"
"2007.05.17","36.7"
"2007.05.18","44.7"
"2007.05.19","46.9"
"2007.05.20","49.0"
"2007.05.21","62.9"
"2007.05.22","53.0"
"2007.05.23","54.4"
"2007.05.24","50.8"
"2007.05.25","46.2"
"2007.05.26","46.5"
"2007.05.27","42.1"
"2007.05.28","40.5"
"2007.05.29","37.7"
"2007.05.30","38.3"
"2007.05.31","39.5"
"2007.06.01","39.5"
"2007.06.02","40.5"
"2007.06.03","40.9"
"2007.06.04","41.9"
"2007.06.05","47.8"
"2007.06.06","53.9"
"2007.06.07","53.9"
"2007.06.08","61.6"
"2007.06.09","69.8"
"2007.06.10","72.7"
"2007.06.11","73.9"
"2007.06.12","71.5"
"2007.06.13","71.5"
"2007.06.14","94.7"
"2007.06.15","113.0"
"2007.06.16","101.0"
"2007.06.17","89.3"
"2007.06.18","79.1"
"2007.06.19","95.1"
"2007.06.20","88.6"
"2007.06.21","80.6"
"2007.06.22","83.4"
"2007.06.23","96.4"
"2007.06.24","97.1"
"2007.06.25","94.3"
"2007.06.26","98.5"
"2007.06.27","83.4"
"2007.06.28","87.9"
"2007.06.29","88.9"
"2007.06.30","103.0"
"2007.07.01","116.0"
"2007.07.02","161.0"
"2007.07.03","163.0"
"2007.07.04","145.0"
"2007.07.05","149.0"
"2007.07.06","168.0"
"2007.07.07","151.0"
"2007.07.08","274.0"
"2007.07.09","297.0"
"2007.07.10","204.0"
"2007.07.11","206.0"
"2007.07.12","214.0"
"2007.07.13","220.0"
"2007.07.14","222.0"
"2007.07.15","212.0"
"2007.07.16","235.0"
"2007.07.17","219.0"
"2007.07.18","213.0"
"2007.07.19","187.0"
"2007.07.20","310.0"
"2007.07.21","200.0"
"2007.07.22","283.0"
"2007.07.23","313.0"
"2007.07.24","265.0"
"2007.07.25","274.0"
"2007.07.26","319.0"
"2007.07.27","308.0"
"2007.07.28","292.0"
"2007.07.29","315.0"
"2007.07.30","263.0"
"2007.07.31","281.0"
"2007.08.01","284.0"
"2007.08.02","335.0"
"2007.08.03","296.0"
"2007.08.04","262.0"
"2007.08.05","235.0"
"2007.08.06","216.0"
"2007.08.07","189.0"
"2007.08.08","194.0"
"2007.08.09","189.0"
"2007.08.10","178.0"
"2007.08.11","189.0"
"2007.08.12","224.0"
"2007.08.13","263.0"
"2007.08.14","421.0"
"2007.08.15","299.0"
"2007.08.16","416.0"
"2007.08.17","383.0"
"2007.08.18","436.0"
"2007.08.19","435.0"
"2007.08.20","419.0"
"2007.08.21","309.0"
"2007.08.22","243.0"
"2007.08.23","233.0"
"2007.08.24","241.0"
"2007.08.25","225.0"
"2007.08.26","219.0"
"2007.08.27","209.0"
"2007.08.28","239.0"
"2007.08.29","208.0"
"2007.08.30","195.0"
"2007.08.31","207.0"
"2007.09.01","200.0"
"2007.09.02","192.0"
"2007.09.03","263.0"
"2007.09.04","204.0"
"2007.09.05","370.0"
"2007.09.06","281.0"
"2007.09.07","233.0"
"2007.09.08","179.0"
"2007.09.09","183.0"
"2007.09.10","171.0"
"2007.09.11","162.0"
"2007.09.12","153.0"
"2007.09.13","145.0"
"2007.09.14","153.0"
"2007.09.15","140.0"
"2007.09.16","120.0"
"2007.09.17","114.0"
"2007.09.18","104.0"
"2007.09.19","96.0"
"2007.09.20","97.1"
"2007.09.21","92.3"
"2007.09.22","87.2"
"2007.09.23","86.6"
"2007.09.24","84.7"
"2007.09.25","111.0"
"2007.09.26","138.0"
"2007.09.27","143.0"
"2007.09.28","149.0"
"2007.09.29","228.0"
"2007.09.30","136.0"
"2007.10.01","119.0"
"2007.10.02","100.0"
"2007.10.03","90.2"
"2007.10.04","84.7"
"2007.10.05","77.2"
"2007.10.06","74.8"
"2007.10.07","70.6"
"2007.10.08","71.5"
"2007.10.09","68.4"
"2007.10.10","67.3"
"2007.10.11","71.2"
"2007.10.12","67.6"
"2007.10.13","65.9"
"2007.10.14","64.5"
"2007.10.15","62.8"
"2007.10.16","62.3"
"2007.10.17","61.0"
"2007.10.18","60.5"
"2007.10.19","60.2"
"2007.10.20","60.0"
"2007.10.21","59.5"
"2007.10.22","58.2"
"2007.10.23","56.1"
"2007.10.24","55.4"
"2007.10.25","54.6"
"2007.10.26","54.1"
"2007.10.27","53.4"
"2007.10.28","52.7"
"2007.10.29","52.5"
"2007.10.30","53.0"
"2007.10.31","52.0"
"2007.11.01","51.8"
"2007.11.02","51.8"
"2007.11.03","51.3"
"2007.11.04","51.1"
"2007.11.05","50.8"
"2007.11.06","50.6"
"2007.11.07","50.1"
"2007.11.08","49.7"
"2007.11.09","48.7"
"2007.11.10","47.5"
"2007.11.11","47.5"
"2007.11.12","47.1"
"2007.11.13","47.1"
"2007.11.14","46.9"
"2007.11.15","45.4"
"2007.11.16","45.2"
"2007.11.17","45.2"
"2007.11.18","44.9"
"2007.11.19","44.5"
"2007.11.20","44.5"
"2007.11.21","44.1"
"2007.11.22","44.1"
"2007.11.23","43.6"
"2007.11.24","43.6"
"2007.11.25","42.8"
"2007.11.26","42.6"
"2007.11.27","41.5"
"2007.11.28","41.9"
"2007.11.29","43.4"
"2007.11.30","40.5"
"2007.12.01","38.1"
"2007.12.02","37.5"
"2007.12.03","36.5"
"2007.12.04","35.7"
"2007.12.05","34.6"
"2007.12.06","32.8"
"2007.12.07","33.2"
"2007.12.08","32.5"
"2007.12.09","28.6"
"2007.12.10","31.2"
"2007.12.11","27.8"
"2007.12.12","28.3"
"2007.12.13","28.3"
"2007.12.14","28.0"
"2007.12.15","27.5"
"2007.12.16","27.8"
"2007.12.17","27.5"
"2007.12.18","27.4"
"2007.12.19","27.4"
"2007.12.20","27.0"
"2007.12.21","27.0"
"2007.12.22","26.6"
"2007.12.23","26.4"
"2007.12.24","26.6"
"2007.12.25","26.6"
"2007.12.26","26.4"
"2007.12.27","25.9"
"2007.12.28","25.4"
"2007.12.29","25.1"
"2007.12.30","24.9"
"2007.12.31","24.9"
"2008.01.01","24.4"
"2008.01.02","24.2"
"2008.01.03","24.1"
"2008.01.04","24.1"
"2008.01.05","23.8"
"2008.01.06","23.4"
"2008.01.07","23.2"
"2008.01.08","23.1"
"2008.01.09","22.8"
"2008.01.10","22.5"
"2008.01.11","22.4"
"2008.01.12","22.5"
"2008.01.13","22.4"
"2008.01.14","22.4"
"2008.01.15","22.1"
"2008.01.16","21.9"
"2008.01.17","21.5"
"2008.01.18","21.2"
"2008.01.19","21.1"
"2008.01.20","20.6"
"2008.01.21","20.4"
"2008.01.22","20.1"
"2008.01.23","19.9"
"2008.01.24","19.9"
"2008.01.25","19.7"
"2008.01.26","19.5"
"2008.01.27","19.5"
"2008.01.28","19.2"
"2008.01.29","19.1"
"2008.01.30","19.1"
"2008.01.31","19.1"
"2008.02.01","19.0"
"2008.02.02","18.7"
"2008.02.03","19.0"
"2008.02.04","18.8"
"2008.02.05","18.7"
"2008.02.06","18.5"
"2008.02.07","18.3"
"2008.02.08","18.1"
"2008.02.09","17.9"
"2008.02.10","17.9"
"2008.02.11","17.8"
"2008.02.12","17.7"
"2008.02.13","17.8"
"2008.02.14","17.0"
"2008.02.15","16.9"
"2008.02.16","16.8"
"2008.02.17","16.5"
"2008.02.18","16.2"
"2008.02.19","16.1"
"2008.02.20","15.9"
"2008.02.21","15.8"
"2008.02.22","15.6"
"2008.02.23","15.6"
"2008.02.24","15.6"
"2008.02.25","15.5"
"2008.02.26","15.3"
"2008.02.27","15.1"
"2008.02.28","15.1"
"2008.02.29","15.1"
"2008.03.01","15.8"
"2008.03.02","16.5"
"2008.03.03","17.0"
"2008.03.04","18.3"
"2008.03.05","18.7"
"2008.03.06","19.2"
"2008.03.07","20.1"
"2008.03.08","20.9"
"2008.03.09","22.6"
"2008.03.10","24.2"
"2008.03.11","25.6"
"2008.03.12","25.1"
"2008.03.13","25.6"
"2008.03.14","25.9"
"2008.03.15","25.7"
"2008.03.16","25.3"
"2008.03.17","25.3"
"2008.03.18","25.7"
"2008.03.19","26.2"
"2008.03.20","26.1"
"2008.03.21","25.9"
"2008.03.22","26.2"
"2008.03.23","26.2"
"2008.03.24","26.4"
"2008.03.25","26.6"
"2008.03.26","26.9"
"2008.03.27","26.9"
"2008.03.28","27.2"
"2008.03.29","27.2"
"2008.03.30","27.2"
"2008.03.31","27.4"
"2008.04.01","27.5"
"2008.04.02","27.7"
"2008.04.03","28.2"
"2008.04.04","28.3"
"2008.04.05","28.6"
"2008.04.06","29.0"
"2008.04.07","28.0"
"2008.04.08","28.5"
"2008.04.09","28.6"
"2008.04.10","28.8"
"2008.04.11","29.0"
"2008.04.12","29.3"
"2008.04.13","29.5"
"2008.04.14","29.6"
"2008.04.15","29.6"
"2008.04.16","29.8"
"2008.04.17","30.0"
"2008.04.18","30.8"
"2008.04.19","31.4"
"2008.04.20","31.7"
"2008.04.21","32.8"
"2008.04.22","33.4"
"2008.04.23","34.4"
"2008.04.24","35.5"
"2008.04.25","36.7"
"2008.04.26","38.1"
"2008.04.27","39.1"
"2008.04.28","39.1"
"2008.04.29","38.3"
"2008.04.30","39.5"
"2008.05.01","39.7"
"2008.05.02","40.1"
"2008.05.03","41.3"
"2008.05.04","41.5"
"2008.05.05","40.7"
"2008.05.06","42.6"
"2008.05.07","43.2"
"2008.05.08","43.2"
"2008.05.09","38.3"
"2008.05.10","36.9"
"2008.05.11","28.5"
"2008.05.12","28.0"
"2008.05.13","28.5"
"2008.05.14","28.5"
"2008.05.15","30.3"
"2008.05.16","30.7"
"2008.05.17","32.1"
"2008.05.18","35.9"
"2008.05.19","35.3"
"2008.05.20","33.5"
"2008.05.21","31.0"
"2008.05.22","29.8"
"2008.05.23","33.9"
"2008.05.24","36.1"
"2008.05.25","42.2"
"2008.05.26","41.9"
"2008.05.27","39.9"
"2008.05.28","39.3"
"2008.05.29","41.7"
"2008.05.30","45.2"
"2008.05.31","47.1"
"2008.06.01","43.6"
"2008.06.02","41.1"
"2008.06.03","39.7"
"2008.06.04","39.3"
"2008.06.05","42.8"
"2008.06.06","56.9"
"2008.06.07","55.1"
"2008.06.08","59.2"
"2008.06.09","75.5"
"2008.06.10","87.2"
"2008.06.11","106.0"
"2008.06.12","139.0"
"2008.06.13","116.0"
"2008.06.14","119.0"
"2008.06.15","144.0"
"2008.06.16","144.0"
"2008.06.17","116.0"
"2008.06.18","142.0"
"2008.06.19","127.0"
"2008.06.20","296.0"
"2008.06.21","176.0"
"2008.06.22","132.0"
"2008.06.23","139.0"
"2008.06.24","167.0"
"2008.06.25","156.0"
"2008.06.26","151.0"
"2008.06.27","158.0"
"2008.06.28","243.0"
"2008.06.29","200.0"
"2008.06.30","195.0"
"2008.07.01","220.0"
"2008.07.02","242.0"
"2008.07.03","260.0"
"2008.07.04","238.0"
"2008.07.05","231.0"
"2008.07.06","218.0"
"2008.07.07","204.0"
"2008.07.08","182.0"
"2008.07.09","167.0"
"2008.07.10","164.0"
"2008.07.11","172.0"
"2008.07.12","187.0"
"2008.07.13","187.0"
"2008.07.14","207.0"
"2008.07.15","179.0"
"2008.07.16","204.0"
"2008.07.17","200.0"
"2008.07.18","259.0"
"2008.07.19","243.0"
"2008.07.20","297.0"
"2008.07.21","334.0"
"2008.07.22","256.0"
"2008.07.23","226.0"
"2008.07.24","203.0"
"2008.07.25","205.0"
"2008.07.26","246.0"
"2008.07.27","234.0"
"2008.07.28","234.0"
"2008.07.29","234.0"
"2008.07.30","220.0"
"2008.07.31","350.0"
"2008.08.01","271.0"
"2008.08.02","228.0"
"2008.08.03","208.0"
"2008.08.04","218.0"
"2008.08.05","252.0"
"2008.08.06","234.0"
"2008.08.07","306.0"
"2008.08.08","320.0"
"2008.08.09","243.0"
"2008.08.10","239.0"
"2008.08.11","261.0"
"2008.08.12","322.0"
"2008.08.13","347.0"
"2008.08.14","351.0"
"2008.08.15","402.0"
"2008.08.16","392.0"
"2008.08.17","392.0"
"2008.08.18","311.0"
"2008.08.19","307.0"
"2008.08.20","338.0"
"2008.08.21","347.0"
"2008.08.22","352.0"
"2008.08.23","275.0"
"2008.08.24","240.0"
"2008.08.25","246.0"
"2008.08.26","231.0"
"2008.08.27","222.0"
"2008.08.28","246.0"
"2008.08.29","228.0"
"2008.08.30","195.0"
"2008.08.31","162.0"
"2008.09.01","150.0"
"2008.09.02","150.0"
"2008.09.03","137.0"
"2008.09.04","126.0"
"2008.09.05","116.0"
"2008.09.06","101.0"
"2008.09.07","92.9"
"2008.09.08","92.6"
"2008.09.09","90.9"
"2008.09.10","87.6"
"2008.09.11","87.6"
"2008.09.12","92.6"
"2008.09.13","105.0"
"2008.09.14","90.9"
"2008.09.15","87.6"
"2008.09.16","89.2"
"2008.09.17","105.0"
"2008.09.18","99.6"
"2008.09.19","174.0"
"2008.09.20","425.0"
"2008.09.21","137.0"
"2008.09.22","114.0"
"2008.09.23","105.0"
"2008.09.24","98.4"
"2008.09.25","89.9"
"2008.09.26","86.0"
"2008.09.27","79.6"
"2008.09.28","74.8"
"2008.09.29","75.1"
"2008.09.30","72.1"
"2008.10.01","72.1"
"2008.10.02","68.7"
"2008.10.03","67.3"
"2008.10.04","67.8"
"2008.10.05","61.8"
"2008.10.06","60.5"
"2008.10.07","61.8"
"2008.10.08","61.0"
"2008.10.09","60.2"
"2008.10.10","58.5"
"2008.10.11","55.9"
"2008.10.12","50.8"
"2008.10.13","49.4"
"2008.10.14","48.0"
"2008.10.15","49.7"
"2008.10.16","49.4"
"2008.10.17","47.3"
"2008.10.18","46.7"
"2008.10.19","46.0"
"2008.10.20","44.3"
"2008.10.21","43.9"
"2008.10.22","43.4"
"2008.10.23","43.4"
"2008.10.24","43.0"
"2008.10.25","42.3"
"2008.10.26","42.3"
"2008.10.27","41.7"
"2008.10.28","41.3"
"2008.10.29","41.3"
"2008.10.30","40.7"
"2008.10.31","40.5"
"2008.11.01","40.1"
"2008.11.02","38.9"
"2008.11.03","38.9"
"2008.11.04","38.3"
"2008.11.05","38.1"
"2008.11.06","38.1"
"2008.11.07","37.7"
"2008.11.08","37.3"
"2008.11.09","37.1"
"2008.11.10","36.9"
"2008.11.11","36.5"
"2008.11.12","35.7"
"2008.11.13","35.1"
"2008.11.14","34.4"
"2008.11.15","34.2"
"2008.11.16","33.9"
"2008.11.17","33.7"
"2008.11.18","33.0"
"2008.11.19","33.0"
"2008.11.20","32.5"
"2008.11.21","32.5"
"2008.11.22","32.3"
"2008.11.23","31.9"
"2008.11.24","31.7"
"2008.11.25","31.4"
"2008.11.26","31.0"
"2008.11.27","30.7"
"2008.11.28","30.3"
"2008.11.29","29.8"
"2008.11.30","29.8"
"2008.12.01","29.3"
"2008.12.02","28.8"
"2008.12.03","28.8"
"2008.12.04","28.3"
"2008.12.05","27.8"
"2008.12.06","27.8"
"2008.12.07","27.4"
"2008.12.08","27.4"
"2008.12.09","27.4"
"2008.12.10","27.0"
"2008.12.11","26.9"
"2008.12.12","26.6"
"2008.12.13","26.4"
"2008.12.14","26.4"
"2008.12.15","26.1"
"2008.12.16","25.7"
"2008.12.17","25.4"
"2008.12.18","25.1"
"2008.12.19","24.4"
"2008.12.20","23.8"
"2008.12.21","22.9"
"2008.12.22","22.8"
"2008.12.23","22.2"
"2008.12.24","21.3"
"2008.12.25","20.6"
"2008.12.26","20.5"
"2008.12.27","20.2"
"2008.12.28","19.9"
"2008.12.29","19.7"
"2008.12.30","19.5"
"2008.12.31","19.3"
